Workbook
Name Slicer_Representative: #N/A

Sheet Data
B1: Call Centre Data
B3: Call number | C3: Customer ID | D3: Duration | E3: Representative | F3: Date of Call | G3: Purchase Amount | H3: Satisfaction Rating | I3: FY | J3: Day of week | K3: Duration Bucket | L3: Rating rounded | Q3: Customer ID | R3: Gedner | S3: Age | T3: City
B4: Call_7271 | C4: C0003 | D4: 116 | E4: R05 | F4: 44927 | G4: 128 | H4: 4.9 | I4: =IF(MONTH(calls[[#This Row],[Date of Call]])<=6, YEAR(calls[[#This Row],[Date of Call]]), YEAR(calls[[#This Row],[Date of Call]])+1) -> 2023 | J4: =TEXT(calls[[#This Row],[Date of Call]],"DDDD") -> Sunday | K4: {=_xlfn.IFS(calls[[#This Row],[Duration]]<=10,"Under 10 mins", calls[[#This Row],[Duration]]<=30, "10 to 30 mins", calls[[#This Row],[Duration]]<=60, "30 to 60 mins", calls[[#This Row],[Duration]]<=120, "1 to 2 hours", TRUE, "More than 2 hours")} -> 1 to 2 hours | L4: =ROUND(calls[[#This Row],[Satisfaction Rating]],0) -> 5 | Q4: C0001 | R4: Male | S4: 41 | T4: Columbus
B5: Call_7272 | C5: C0004 | D5: 119 | E5: R05 | F5: 44927 | G5: 135 | H5: 2.9 | I5: =IF(MONTH(calls[[#This Row],[Date of Call]])<=6, YEAR(calls[[#This Row],[Date of Call]]), YEAR(calls[[#This Row],[Date of Call]])+1) -> 2023 | J5: =TEXT(calls[[#This Row],[Date of Call]],"DDDD") -> Sunday | K5: {=_xlfn.IFS(calls[[#This Row],[Duration]]<=10,"Under 10 mins", calls[[#This Row],[Duration]]<=30, "10 to 30 mins", calls[[#This Row],[Duration]]<=60, "30 to 60 mins", calls[[#This Row],[Duration]]<=120, "1 to 2 hours", TRUE, "More than 2 hours")} -> 1 to 2 hours | L5: =ROUND(calls[[#This Row],[Satisfaction Rating]],0) -> 3 | Q5: C0002 | R5: Male | S5: 31 | T5: Cleveland
B6: Call_7273 | C6: C0005 | D6: 68 | E6: R02 | F6: 44927 | G6: 66 | H6: 4.7 | I6: =IF(MONTH(calls[[#This Row],[Date of Call]])<=6, YEAR(calls[[#This Row],[Date of Call]]), YEAR(calls[[#This Row],[Date of Call]])+1) -> 2023 | J6: =TEXT(calls[[#This Row],[Date of Call]],"DDDD") -> Sunday | K6: {=_xlfn.IFS(calls[[#This Row],[Duration]]<=10,"Under 10 mins", calls[[#This Row],[Duration]]<=30, "10 to 30 mins", calls[[#This Row],[Duration]]<=60, "30 to 60 mins", calls[[#This Row],[Duration]]<=120, "1 to 2 hours", TRUE, "More than 2 hours")} -> 1 to 2 hours | L6: =ROUND(calls[[#This Row],[Satisfaction Rating]],0) -> 5 | Q6: C0003 | R6: Male | S6: 26 | T6: Cincinnati
B7: Call_7274 | C7: C0014 | D7: 119 | E7: R02 | F7: 44927 | G7: 22 | H7: 2.9 | I7: =IF(MONTH(calls[[#This Row],[Date of Call]])<=6, YEAR(calls[[#This Row],[Date of Call]]), YEAR(calls[[#This Row],[Date of Call]])+1) -> 2023 | J7: =TEXT(calls[[#This Row],[Date of Call]],"DDDD") -> Sunday | K7: {=_xlfn.IFS(calls[[#This Row],[Duration]]<=10,"Under 10 mins", calls[[#This Row],[Duration]]<=30, "10 to 30 mins", calls[[#This Row],[Duration]]<=60, "30 to 60 mins", calls[[#This Row],[Duration]]<=120, "1 to 2 hours", TRUE, "More than 2 hours")} -> 1 to 2 hours | L7: =ROUND(calls[[#This Row],[Satisfaction Rating]],0) -> 3 | Q7: C0004 | R7: Male | S7: 36 | T7: Cincinnati
B8: Call_7275 | C8: C0011 | D8: 128 | E8: R01 | F8: 44928 | G8: 31 | H8: 2.8 | I8: =IF(MONTH(calls[[#This Row],[Date of Call]])<=6, YEAR(calls[[#This Row],[Date of Call]]), YEAR(calls[[#This Row],[Date of Call]])+1) -> 2023 | J8: =TEXT(calls[[#This Row],[Date of Call]],"DDDD") -> Monday | K8: {=_xlfn.IFS(calls[[#This Row],[Duration]]<=10,"Under 10 mins", calls[[#This Row],[Duration]]<=30, "10 to 30 mins", calls[[#This Row],[Duration]]<=60, "30 to 60 mins", calls[[#This Row],[Duration]]<=120, "1 to 2 hours", TRUE, "More than 2 hours")} -> More than 2 hours | L8: =ROUND(calls[[#This Row],[Satisfaction Rating]],0) -> 3 | Q8: C0005 | R8: Male | S8: 37 | T8: Columbus
B9: Call_7276 | C9: C0011 | D9: 49 | E9: R02 | F9: 44929 | G9: 135 | H9: 4.8 | I9: =IF(MONTH(calls[[#This Row],[Date of Call]])<=6, YEAR(calls[[#This Row],[Date of Call]]), YEAR(calls[[#This Row],[Date of Call]])+1) -> 2023 | J9: =TEXT(calls[[#This Row],[Date of Call]],"DDDD") -> Tuesday | K9: {=_xlfn.IFS(calls[[#This Row],[Duration]]<=10,"Under 10 mins", calls[[#This Row],[Duration]]<=30, "10 to 30 mins", calls[[#This Row],[Duration]]<=60, "30 to 60 mins", calls[[#This Row],[Duration]]<=120, "1 to 2 hours", TRUE, "More than 2 hours")} -> 30 to 60 mins | L9: =ROUND(calls[[#This Row],[Satisfaction Rating]],0) -> 5 | Q9: C0006 | R9: Male | S9: 23 | T9: Columbus
B10: Call_7277 | C10: C0007 | D10: 84 | E10: R05 | F10: 44929 | G10: 60 | H10: 4.7 | I10: =IF(MONTH(calls[[#This Row],[Date of Call]])<=6, YEAR(calls[[#This Row],[Date of Call]]), YEAR(calls[[#This Row],[Date of Call]])+1) -> 2023 | J10: =TEXT(calls[[#This Row],[Date of Call]],"DDDD") -> Tuesday | K10: {=_xlfn.IFS(calls[[#This Row],[Duration]]<=10,"Under 10 mins", calls[[#This Row],[Duration]]<=30, "10 to 30 mins", calls[[#This Row],[Duration]]<=60, "30 to 60 mins", calls[[#This Row],[Duration]]<=120, "1 to 2 hours", TRUE, "More than 2 hours")} -> 1 to 2 hours | L10: =ROUND(calls[[#This Row],[Satisfaction Rating]],0) -> 5 | Q10: C0007 | R10: Female | S10: 22 | T10: Cleveland
B11: Call_7278 | C11: C0003 | D11: 103 | E11: R04 | F11: 44929 | G11: 148 | H11: 4.4 | I11: =IF(MONTH(calls[[#This Row],[Date of Call]])<=6, YEAR(calls[[#This Row],[Date of Call]]), YEAR(calls[[#This Row],[Date of Call]])+1) -> 2023 | J11: =TEXT(calls[[#This Row],[Date of Call]],"DDDD") -> Tuesday | K11: {=_xlfn.IFS(calls[[#This Row],[Duration]]<=10,"Under 10 mins", calls[[#This Row],[Duration]]<=30, "10 to 30 mins", calls[[#This Row],[Duration]]<=60, "30 to 60 mins", calls[[#This Row],[Duration]]<=120, "1 to 2 hours", TRUE, "More than 2 hours")} -> 1 to 2 hours | L11: =ROUND(calls[[#This Row],[Satisfaction Rating]],0) -> 4 | Q11: C0008 | R11: Female | S11: 42 | T11: Cleveland
B12: Call_7279 | C12: C0005 | D12: 31 | E12: R02 | F12: 44929 | G12: 135 | H12: 3.6 | I12: =IF(MONTH(calls[[#This Row],[Date of Call]])<=6, YEAR(calls[[#This Row],[Date of Call]]), YEAR(calls[[#This Row],[Date of Call]])+1) -> 2023 | J12: =TEXT(calls[[#This Row],[Date of Call]],"DDDD") -> Tuesday | K12: {=_xlfn.IFS(calls[[#This Row],[Duration]]<=10,"Under 10 mins", calls[[#This Row],[Duration]]<=30, "10 to 30 mins", calls[[#This Row],[Duration]]<=60, "30 to 60 mins", calls[[#This Row],[Duration]]<=120, "1 to 2 hours", TRUE, "More than 2 hours")} -> 30 to 60 mins | L12: =ROUND(calls[[#This Row],[Satisfaction Rating]],0) -> 4 | Q12: C0009 | R12: Female | S12: 25 | T12: Columbus
B13: Call_7280 | C13: C0010 | D13: 44 | E13: R03 | F13: 44929 | G13: 105 | H13: 2.9 | I13: =IF(MONTH(calls[[#This Row],[Date of Call]])<=6, YEAR(calls[[#This Row],[Date of Call]]), YEAR(calls[[#This Row],[Date of Call]])+1) -> 2023 | J13: =TEXT(calls[[#This Row],[Date of Call]],"DDDD") -> Tuesday | K13: {=_xlfn.IFS(calls[[#This Row],[Duration]]<=10,"Under 10 mins", calls[[#This Row],[Duration]]<=30, "10 to 30 mins", calls[[#This Row],[Duration]]<=60, "30 to 60 mins", calls[[#This Row],[Duration]]<=120, "1 to 2 hours", TRUE, "More than 2 hours")} -> 30 to 60 mins | L13: =ROUND(calls[[#This Row],[Satisfaction Rating]],0) -> 3 | Q13: C0010 | R13: Female | S13: 30 | T13: Cleveland
B14: Call_7281 | C14: C0011 | D14: 102 | E14: R02 | F14: 44929 | G14: 69 | H14: 4.9 | I14: =IF(MONTH(calls[[#This Row],[Date of Call]])<=6, YEAR(calls[[#This Row],[Date of Call]]), YEAR(calls[[#This Row],[Date of Call]])+1) -> 2023 | J14: =TEXT(calls[[#This Row],[Date of Call]],"DDDD") -> Tuesday | K14: {=_xlfn.IFS(calls[[#This Row],[Duration]]<=10,"Under 10 mins", calls[[#This Row],[Duration]]<=30, "10 to 30 mins", calls[[#This Row],[Duration]]<=60, "30 to 60 mins", calls[[#This Row],[Duration]]<=120, "1 to 2 hours", TRUE, "More than 2 hours")} -> 1 to 2 hours | L14: =ROUND(calls[[#This Row],[Satisfaction Rating]],0) -> 5 | Q14: C0011 | R14: Female | S14: 30 | T14: Cincinnati
B15: Call_7282 | C15: C0013 | D15: 135 | E15: R05 | F15: 44929 | G15: 46 | H15: 3.4 | I15: =IF(MONTH(calls[[#This Row],[Date of Call]])<=6, YEAR(calls[[#This Row],[Date of Call]]), YEAR(calls[[#This Row],[Date of Call]])+1) -> 2023 | J15: =TEXT(calls[[#This Row],[Date of Call]],"DDDD") -> Tuesday | K15: {=_xlfn.IFS(calls[[#This Row],[Duration]]<=10,"Under 10 mins", calls[[#This Row],[Duration]]<=30, "10 to 30 mins", calls[[#This Row],[Duration]]<=60, "30 to 60 mins", calls[[#This Row],[Duration]]<=120, "1 to 2 hours", TRUE, "More than 2 hours")} -> More than 2 hours | L15: =ROUND(calls[[#This Row],[Satisfaction Rating]],0) -> 3 | Q15: C0012 | R15: Female | S15: 28 | T15: Cincinnati
... B18: Call_7285 | C18: C0013 | D18: 48 | E18: R01 | F18: 44930 | G18: 68 | H18: 4.9 | I18: =IF(MONTH(calls[[#This Row],[Date of Call]])<=6, YEAR(calls[[#This Row],[Date of Call]]), YEAR(calls[[#This Row],[Date of Call]])+1) -> 2023 | J18: =TEXT(calls[[#This Row],[Date of Call]],"DDDD") -> Wednesday | K18: {=_xlfn.IFS(calls[[#This Row],[Duration]]<=10,"Under 10 mins", calls[[#This Row],[Duration]]<=30, "10 to 30 mins", calls[[#This Row],[Duration]]<=60, "30 to 60 mins", calls[[#This Row],[Duration]]<=120, "1 to 2 hours", TRUE, "More than 2 hours")} -> 30 to 60 mins | L18: =ROUND(calls[[#This Row],[Satisfaction Rating]],0) -> 5 | Q18: C0015 | R18: Female | S18: 43 | T18: Cleveland
B19: Call_7286 | C19: C0010 | D19: 176 | E19: R05 | F19: 44931 | G19: 24 | H19: 4.8 | I19: =IF(MONTH(calls[[#This Row],[Date of Call]])<=6, YEAR(calls[[#This Row],[Date of Call]]), YEAR(calls[[#This Row],[Date of Call]])+1) -> 2023 | J19: =TEXT(calls[[#This Row],[Date of Call]],"DDDD") -> Thursday | K19: {=_xlfn.IFS(calls[[#This Row],[Duration]]<=10,"Under 10 mins", calls[[#This Row],[Duration]]<=30, "10 to 30 mins", calls[[#This Row],[Duration]]<=60, "30 to 60 mins", calls[[#This Row],[Duration]]<=120, "1 to 2 hours", TRUE, "More than 2 hours")} -> More than 2 hours | L19: =ROUND(calls[[#This Row],[Satisfaction Rating]],0) -> 5
B20: Call_7287 | C20: C0010 | D20: 99 | E20: R01 | F20: 44931 | G20: 195 | H20: 3.9 | I20: =IF(MONTH(calls[[#This Row],[Date of Call]])<=6, YEAR(calls[[#This Row],[Date of Call]]), YEAR(calls[[#This Row],[Date of Call]])+1) -> 2023 | J20: =TEXT(calls[[#This Row],[Date of Call]],"DDDD") -> Thursday | K20: {=_xlfn.IFS(calls[[#This Row],[Duration]]<=10,"Under 10 mins", calls[[#This Row],[Duration]]<=30, "10 to 30 mins", calls[[#This Row],[Duration]]<=60, "30 to 60 mins", calls[[#This Row],[Duration]]<=120, "1 to 2 hours", TRUE, "More than 2 hours")} -> 1 to 2 hours | L20: =ROUND(calls[[#This Row],[Satisfaction Rating]],0) -> 4
B21: Call_7288 | C21: C0009 | D21: 28 | E21: R03 | F21: 44931 | G21: 28 | H21: 3.8 | I21: =IF(MONTH(calls[[#This Row],[Date of Call]])<=6, YEAR(calls[[#This Row],[Date of Call]]), YEAR(calls[[#This Row],[Date of Call]])+1) -> 2023 | J21: =TEXT(calls[[#This Row],[Date of Call]],"DDDD") -> Thursday | K21: {=_xlfn.IFS(calls[[#This Row],[Duration]]<=10,"Under 10 mins", calls[[#This Row],[Duration]]<=30, "10 to 30 mins", calls[[#This Row],[Duration]]<=60, "30 to 60 mins", calls[[#This Row],[Duration]]<=120, "1 to 2 hours", TRUE, "More than 2 hours")} -> 10 to 30 mins | L21: =ROUND(calls[[#This Row],[Satisfaction Rating]],0) -> 4
B22: Call_7289 | C22: C0007 | D22: 54 | E22: R02 | F22: 44931 | G22: 170 | H22: 4.3 | I22: =IF(MONTH(calls[[#This Row],[Date of Call]])<=6, YEAR(calls[[#This Row],[Date of Call]]), YEAR(calls[[#This Row],[Date of Call]])+1) -> 2023 | J22: =TEXT(calls[[#This Row],[Date of Call]],"DDDD") -> Thursday | K22: {=_xlfn.IFS(calls[[#This Row],[Duration]]<=10,"Under 10 mins", calls[[#This Row],[Duration]]<=30, "10 to 30 mins", calls[[#This Row],[Duration]]<=60, "30 to 60 mins", calls[[#This Row],[Duration]]<=120, "1 to 2 hours", TRUE, "More than 2 hours")} -> 30 to 60 mins | L22: =ROUND(calls[[#This Row],[Satisfaction Rating]],0) -> 4
B23: Call_7290 | C23: C0006 | D23: 48 | E23: R05 | F23: 44932 | G23: 30 | H23: 4.4 | I23: =IF(MONTH(calls[[#This Row],[Date of Call]])<=6, YEAR(calls[[#This Row],[Date of Call]]), YEAR(calls[[#This Row],[Date of Call]])+1) -> 2023 | J23: =TEXT(calls[[#This Row],[Date of Call]],"DDDD") -> Friday | K23: {=_xlfn.IFS(calls[[#This Row],[Duration]]<=10,"Under 10 mins", calls[[#This Row],[Duration]]<=30, "10 to 30 mins", calls[[#This Row],[Duration]]<=60, "30 to 60 mins", calls[[#This Row],[Duration]]<=120, "1 to 2 hours", TRUE, "More than 2 hours")} -> 30 to 60 mins | L23: =ROUND(calls[[#This Row],[Satisfaction Rating]],0) -> 4
B24: Call_7291 | C24: C0004 | D24: 128 | E24: R05 | F24: 44932 | G24: 72 | H24: 5 | I24: =IF(MONTH(calls[[#This Row],[Date of Call]])<=6, YEAR(calls[[#This Row],[Date of Call]]), YEAR(calls[[#This Row],[Date of Call]])+1) -> 2023 | J24: =TEXT(calls[[#This Row],[Date of Call]],"DDDD") -> Friday | K24: {=_xlfn.IFS(calls[[#This Row],[Duration]]<=10,"Under 10 mins", calls[[#This Row],[Duration]]<=30, "10 to 30 mins", calls[[#This Row],[Duration]]<=60, "30 to 60 mins", calls[[#This Row],[Duration]]<=120, "1 to 2 hours", TRUE, "More than 2 hours")} -> More than 2 hours | L24: =ROUND(calls[[#This Row],[Satisfaction Rating]],0) -> 5
B25: Call_7292 | C25: C0004 | D25: 38 | E25: R04 | F25: 44933 | G25: 92 | H25: 4.9 | I25: =IF(MONTH(calls[[#This Row],[Date of Call]])<=6, YEAR(calls[[#This Row],[Date of Call]]), YEAR(calls[[#This Row],[Date of Call]])+1) -> 2023 | J25: =TEXT(calls[[#This Row],[Date of Call]],"DDDD") -> Saturday | K25: {=_xlfn.IFS(calls[[#This Row],[Duration]]<=10,"Under 10 mins", calls[[#This Row],[Duration]]<=30, "10 to 30 mins", calls[[#This Row],[Duration]]<=60, "30 to 60 mins", calls[[#This Row],[Duration]]<=120, "1 to 2 hours", TRUE, "More than 2 hours")} -> 30 to 60 mins | L25: =ROUND(calls[[#This Row],[Satisfaction Rating]],0) -> 5
B26: Call_7293 | C26: C0003 | D26: 67 | E26: R04 | F26: 44934 | G26: 165 | H26: 4.5 | I26: =IF(MONTH(calls[[#This Row],[Date of Call]])<=6, YEAR(calls[[#This Row],[Date of Call]]), YEAR(calls[[#This Row],[Date of Call]])+1) -> 2023 | J26: =TEXT(calls[[#This Row],[Date of Call]],"DDDD") -> Sunday | K26: {=_xlfn.IFS(calls[[#This Row],[Duration]]<=10,"Under 10 mins", calls[[#This Row],[Duration]]<=30, "10 to 30 mins", calls[[#This Row],[Duration]]<=60, "30 to 60 mins", calls[[#This Row],[Duration]]<=120, "1 to 2 hours", TRUE, "More than 2 hours")} -> 1 to 2 hours | L26: =ROUND(calls[[#This Row],[Satisfaction Rating]],0) -> 5
B27: Call_7294 | C27: C0015 | D27: 58 | E27: R02 | F27: 44934 | G27: 140 | H27: 2.1 | I27: =IF(MONTH(calls[[#This Row],[Date of Call]])<=6, YEAR(calls[[#This Row],[Date of Call]]), YEAR(calls[[#This Row],[Date of Call]])+1) -> 2023 | J27: =TEXT(calls[[#This Row],[Date of Call]],"DDDD") -> Sunday | K27: {=_xlfn.IFS(calls[[#This Row],[Duration]]<=10,"Under 10 mins", calls[[#This Row],[Duration]]<=30, "10 to 30 mins", calls[[#This Row],[Duration]]<=60, "30 to 60 mins", calls[[#This Row],[Duration]]<=120, "1 to 2 hours", TRUE, "More than 2 hours")} -> 30 to 60 mins | L27: =ROUND(calls[[#This Row],[Satisfaction Rating]],0) -> 2
B28: Call_7295 | C28: C0010 | D28: 54 | E28: R01 | F28: 44934 | G28: 111 | H28: 3.3 | I28: =IF(MONTH(calls[[#This Row],[Date of Call]])<=6, YEAR(calls[[#This Row],[Date of Call]]), YEAR(calls[[#This Row],[Date of Call]])+1) -> 2023 | J28: =TEXT(calls[[#This Row],[Date of Call]],"DDDD") -> Sunday | K28: {=_xlfn.IFS(calls[[#This Row],[Duration]]<=10,"Under 10 mins", calls[[#This Row],[Duration]]<=30, "10 to 30 mins", calls[[#This Row],[Duration]]<=60, "30 to 60 mins", calls[[#This Row],[Duration]]<=120, "1 to 2 hours", TRUE, "More than 2 hours")} -> 30 to 60 mins | L28: =ROUND(calls[[#This Row],[Satisfaction Rating]],0) -> 3
B29: Call_7296 | C29: C0012 | D29: 28 | E29: R05 | F29: 44935 | G29: 63 | H29: 4.1 | I29: =IF(MONTH(calls[[#This Row],[Date of Call]])<=6, YEAR(calls[[#This Row],[Date of Call]]), YEAR(calls[[#This Row],[Date of Call]])+1) -> 2023 | J29: =TEXT(calls[[#This Row],[Date of Call]],"DDDD") -> Monday | K29: {=_xlfn.IFS(calls[[#This Row],[Duration]]<=10,"Under 10 mins", calls[[#This Row],[Duration]]<=30, "10 to 30 mins", calls[[#This Row],[Duration]]<=60, "30 to 60 mins", calls[[#This Row],[Duration]]<=120, "1 to 2 hours", TRUE, "More than 2 hours")} -> 10 to 30 mins | L29: =ROUND(calls[[#This Row],[Satisfaction Rating]],0) -> 4
B30: Call_7297 | C30: C0002 | D30: 73 | E30: R05 | F30: 44935 | G30: 80 | H30: 4.2 | I30: =IF(MONTH(calls[[#This Row],[Date of Call]])<=6, YEAR(calls[[#This Row],[Date of Call]]), YEAR(calls[[#This Row],[Date of Call]])+1) -> 2023 | J30: =TEXT(calls[[#This Row],[Date of Call]],"DDDD") -> Monday | K30: {=_xlfn.IFS(calls[[#This Row],[Duration]]<=10,"Under 10 mins", calls[[#This Row],[Duration]]<=30, "10 to 30 mins", calls[[#This Row],[Duration]]<=60, "30 to 60 mins", calls[[#This Row],[Duration]]<=120, "1 to 2 hours", TRUE, "More than 2 hours")} -> 1 to 2 hours | L30: =ROUND(calls[[#This Row],[Satisfaction Rating]],0) -> 4
... B1003: Call_8270 | C1003: C0009 | D1003: 114 | E1003: R01 | F1003: 45291 | G1003: 40 | H1003: 3.9 | I1003: =IF(MONTH(calls[[#This Row],[Date of Call]])<=6, YEAR(calls[[#This Row],[Date of Call]]), YEAR(calls[[#This Row],[Date of Call]])+1) -> 2024 | J1003: =TEXT(calls[[#This Row],[Date of Call]],"DDDD") -> Sunday | K1003: {=_xlfn.IFS(calls[[#This Row],[Duration]]<=10,"Under 10 mins", calls[[#This Row],[Duration]]<=30, "10 to 30 mins", calls[[#This Row],[Duration]]<=60, "30 to 60 mins", calls[[#This Row],[Duration]]<=120, "1 to 2 hours", TRUE, "More than 2 hours")} -> 1 to 2 hours | L1003: =ROUND(calls[[#This Row],[Satisfaction Rating]],0) -> 4

Sheet Assets

Sheet DASHBOARD PROJECT
S22: =Pivots!B107 -> R01 | T22: =Pivots!C107 -> R02 | U22: =Pivots!D107 -> R03 | V22: =Pivots!E107 -> R04 | W22: =Pivots!F107 -> R05 | X22: =Pivots!G107 -> Grand Total
R23: =IF(Pivots!A108=0,"",Pivots!A108) -> Cincinnati | S23: =Pivots!B108 -> 0 | T23: =Pivots!C108 -> 0 | U23: =Pivots!D108 -> 0 | V23: =Pivots!E108 -> 0 | W23: =Pivots!F108 -> 0 | X23: =IF(Pivots!G108=0,"",Pivots!G108)
R24: =IF(Pivots!A109=0,"",Pivots!A109) -> C0003 | S24: =Pivots!B109 -> 891 | T24: =Pivots!C109 -> 1332 | U24: =Pivots!D109 -> 1282 | V24: =Pivots!E109 -> 739 | W24: =Pivots!F109 -> 560 | X24: =IF(Pivots!G109=0,"",Pivots!G109) -> 4804
R25: =IF(Pivots!A110=0,"",Pivots!A110) -> C0004 | S25: =Pivots!B110 -> 1991 | T25: =Pivots!C110 -> 1886 | U25: =Pivots!D110 -> 1206 | V25: =Pivots!E110 -> 884 | W25: =Pivots!F110 -> 1722 | X25: =IF(Pivots!G110=0,"",Pivots!G110) -> 7689
R26: =IF(Pivots!A111=0,"",Pivots!A111) -> C0011 | S26: =Pivots!B111 -> 1163 | T26: =Pivots!C111 -> 1180 | U26: =Pivots!D111 -> 1616 | V26: =Pivots!E111 -> 1043 | W26: =Pivots!F111 -> 1747 | X26: =IF(Pivots!G111=0,"",Pivots!G111) -> 6749
R27: =IF(Pivots!A112=0,"",Pivots!A112) -> C0012 | S27: =Pivots!B112 -> 1438 | T27: =Pivots!C112 -> 1616 | U27: =Pivots!D112 -> 866 | V27: =Pivots!E112 -> 829 | W27: =Pivots!F112 -> 2070 | X27: =IF(Pivots!G112=0,"",Pivots!G112) -> 6819
R28: =IF(Pivots!A113=0,"",Pivots!A113) -> Cleveland | S28: =Pivots!B113 -> 0 | T28: =Pivots!C113 -> 0 | U28: =Pivots!D113 -> 0 | V28: =Pivots!E113 -> 0 | W28: =Pivots!F113 -> 0 | X28: =IF(Pivots!G113=0,"",Pivots!G113)
R29: =IF(Pivots!A114=0,"",Pivots!A114) -> C0002 | S29: =Pivots!B114 -> 1233 | T29: =Pivots!C114 -> 223 | U29: =Pivots!D114 -> 1680 | V29: =Pivots!E114 -> 990 | W29: =Pivots!F114 -> 1508 | X29: =IF(Pivots!G114=0,"",Pivots!G114) -> 5634
R30: =IF(Pivots!A115=0,"",Pivots!A115) -> C0007 | S30: =Pivots!B115 -> 1598 | T30: =Pivots!C115 -> 1907 | U30: =Pivots!D115 -> 869 | V30: =Pivots!E115 -> 1426 | W30: =Pivots!F115 -> 1416 | X30: =IF(Pivots!G115=0,"",Pivots!G115) -> 7216
R31: =IF(Pivots!A116=0,"",Pivots!A116) -> C0008 | S31: =Pivots!B116 -> 900 | T31: =Pivots!C116 -> 1016 | U31: =Pivots!D116 -> 960 | V31: =Pivots!E116 -> 940 | W31: =Pivots!F116 -> 1193 | X31: =IF(Pivots!G116=0,"",Pivots!G116) -> 5009
R32: =IF(Pivots!A117=0,"",Pivots!A117) -> C0010 | S32: =Pivots!B117 -> 900 | T32: =Pivots!C117 -> 1470 | U32: =Pivots!D117 -> 1617 | V32: =Pivots!E117 -> 1314 | W32: =Pivots!F117 -> 941 | X32: =IF(Pivots!G117=0,"",Pivots!G117) -> 6242
R33: =IF(Pivots!A118=0,"",Pivots!A118) -> C0013 | S33: =Pivots!B118 -> 1255 | T33: =Pivots!C118 -> 516 | U33: =Pivots!D118 -> 1874 | V33: =Pivots!E118 -> 1863 | W33: =Pivots!F118 -> 1722 | X33: =IF(Pivots!G118=0,"",Pivots!G118) -> 7230
R34: =IF(Pivots!A119=0,"",Pivots!A119) -> C0015 | S34: =Pivots!B119 -> 1138 | T34: =Pivots!C119 -> 1898 | U34: =Pivots!D119 -> 1482 | V34: =Pivots!E119 -> 846 | W34: =Pivots!F119 -> 1154 | X34: =IF(Pivots!G119=0,"",Pivots!G119) -> 6518
... R40: =IF(Pivots!A125=0,"",Pivots!A125) -> C0014 | S40: =Pivots!B125 -> 1362 | T40: =Pivots!C125 -> 1363 | U40: =Pivots!D125 -> 1152 | V40: =Pivots!E125 -> 777 | W40: =Pivots!F125 -> 750 | X40: =IF(Pivots!G125=0,"",Pivots!G125) -> 5404
W42: =IF(Pivots!F127=0,"",Pivots!F127)
W43: =IF(Pivots!F128=0,"",Pivots!F128)

Sheet Pivots
A3: Call Count | B3: Total Amount | C3: Total Duration | D3: Average Rating | E3: 5* Calls
A4: 1000 | B4: 96623 | C4: 89850 | D4: 3.8854 | E4: 307
A7: Call Count | B7: Total Amount | C7: Total Duration | D7: Average Rating | E7: 5* Calls
A8: 186 | B8: 16651 | C8: 17807 | D8: 3.8973118 | E8: 62
A24: Row Labels | B24: Call Count | C24: Call Count2 | G24: Row Labels | H24: Call Count
A25: Jan | B25: 10 | C25: 10 | G25: Saturday | H25: 34
A26: Feb | B26: 11 | C26: 11 | G26: Friday | H26: 29
A27: Mar | B27: 30 | C27: 30 | G27: Thursday | H27: 18
A28: Apr | B28: 23 | C28: 23 | G28: Wednesday | H28: 29
A29: May | B29: 22 | C29: 22 | G29: Tuesday | H29: 28
A30: Jun | B30: 11 | C30: 11 | G30: Monday | H30: 23
A31: Jul | B31: 17 | C31: 17 | G31: Sunday | H31: 25
A32: Aug | B32: 12 | C32: 12 | G32: Grand Total | H32: 186
A33: Sep | B33: 13 | C33: 13
A34: Oct | B34: 15 | C34: 15
A35: Nov | B35: 8 | C35: 8
A36: Dec | B36: 14 | C36: 14
A37: Grand Total | B37: 186 | C37: 186
H50: Selected rep | I50: =A66 -> R04
E51: For Graph
A52: Row Labels | B52: Call Count | C52: Total Amount | E52: Rep | F52: Calls | G52: Amount | H52: Sel. Calls | I52: Sel. Amount
A53: R01 | B53: 189 | C53: 18415 | E53: =A53 -> R01 | F53: =B53 -> 189 | G53: =C53 -> 18415 | H53: =IF(E53=$I$50,F53,NA()) -> #N/A | I53: =IF(E53=$I$50,G53,NA()) -> #N/A
A54: R02 | B54: 218 | C54: 20581 | E54: =A54 -> R02 | F54: =B54 -> 218 | G54: =C54 -> 20581 | H54: =IF(E54=$I$50,F54,NA()) -> #N/A | I54: =IF(E54=$I$50,G54,NA()) -> #N/A
A55: R03 | B55: 207 | C55: 20872 | E55: =A55 -> R03 | F55: =B55 -> 207 | G55: =C55 -> 20872 | H55: =IF(E55=$I$50,F55,NA()) -> #N/A | I55: =IF(E55=$I$50,G55,NA()) -> #N/A
A56: R04 | B56: 186 | C56: 16651 | E56: =A56 -> R04 | F56: =B56 -> 186 | G56: =C56 -> 16651 | H56: =IF(E56=$I$50,F56,NA()) -> 186 | I56: =IF(E56=$I$50,G56,NA()) -> 16651
A57: R05 | B57: 200 | C57: 20104 | E57: =A57 -> R05 | F57: =B57 -> 200 | G57: =C57 -> 20104 | H57: =IF(E57=$I$50,F57,NA()) -> #N/A | I57: =IF(E57=$I$50,G57,NA()) -> #N/A
A58: Grand Total | B58: 1000 | C58: 96623
A65: Row Labels
A66: R04
A77: Call Count | B77: Column Labels
A78: Row Labels | B78: Female | C78: Male | D78: Grand Total
A79: Cincinnati | B79: 144 | C79: 132 | D79: 276
A80: Cleveland | B80: 326 | C80: 63 | D80: 389
A81: Columbus | B81: 129 | C81: 206 | D81: 335
A82: Grand Total | B82: 599 | C82: 401 | D82: 1000
A89: Row Labels | B89: Call Count
A90: 1 | B90: 3
A91: 2 | B91: 10
A92: 3 | B92: 41
A93: 4 | B93: 70
A94: 5 | B94: 62
A95: Grand Total | B95: 186
A106: Total Amount | B106: Column Labels
A107: Row Labels | B107: R01 | C107: R02 | D107: R03 | E107: R04 | F107: R05 | G107: Grand Total
A108: Cincinnati
A109: C0003 | B109: 891 | C109: 1332 | D109: 1282 | E109: 739 | F109: 560 | G109: 4804
A110: C0004 | B110: 1991 | C110: 1886 | D110: 1206 | E110: 884 | F110: 1722 | G110: 7689
A111: C0011 | B111: 1163 | C111: 1180 | D111: 1616 | E111: 1043 | F111: 1747 | G111: 6749
A112: C0012 | B112: 1438 | C112: 1616 | D112: 866 | E112: 829 | F112: 2070 | G112: 6819
A113: Cleveland
A114: C0002 | B114: 1233 | C114: 223 | D114: 1680 | E114: 990 | F114: 1508 | G114: 5634
A115: C0007 | B115: 1598 | C115: 1907 | D115: 869 | E115: 1426 | F115: 1416 | G115: 7216
A116: C0008 | B116: 900 | C116: 1016 | D116: 960 | E116: 940 | F116: 1193 | G116: 5009
A117: C0010 | B117: 900 | C117: 1470 | D117: 1617 | E117: 1314 | F117: 941 | G117: 6242
A118: C0013 | B118: 1255 | C118: 516 | D118: 1874 | E118: 1863 | F118: 1722 | G118: 7230
A119: C0015 | B119: 1138 | C119: 1898 | D119: 1482 | E119: 846 | F119: 1154 | G119: 6518
A120: Columbus
A121: C0001 | B121: 1655 | C121: 805 | D121: 2263 | E121: 987 | F121: 1075 | G121: 6785
A122: C0005 | B122: 1104 | C122: 2280 | D122: 1445 | E122: 1722 | F122: 1196 | G122: 7747
A123: C0006 | B123: 372 | C123: 1818 | D123: 1346 | E123: 1156 | F123: 1484 | G123: 6176
A124: C0009 | B124: 1415 | C124: 1271 | D124: 1214 | E124: 1135 | F124: 1566 | G124: 6601
A125: C0014 | B125: 1362 | C125: 1363 | D125: 1152 | E125: 777 | F125: 750 | G125: 5404
A126: Grand Total | B126: 18415 | C126: 20581 | D126: 20872 | E126: 16651 | F126: 20104 | G126: 96623
